{
  "postcss.config.mjs": 1766070272.37461,
  "next-env.d.ts": 1774492495.5155334,
  "tailwind.config.ts": 1767372187.2625937,
  "eslint.config.mjs": 1767399790.7130556,
  "next.config.ts": 1777348550.234183,
  "scripts/verify_fix_23_items.ts": 1767985697.1325667,
  "scripts/verify_raider_simple.ts": 1767994442.4020329,
  "scripts/check_mrx.ts": 1767934992.910387,
  "scripts/verify_logic_standalone.ts": 1767977515.9929895,
  "scripts/check_mrx_v2.ts": 1767935189.0126634,
  "scripts/test-sitemap.ts": 1775529382.8558347,
  "scripts/check_raider.ts": 1767934131.0453846,
  "scripts/fix_admin.ts": 1767927773.4657419,
  "scripts/audit_inventory.ts": 1767977517.963639,
  "scripts/test_admin.ts": 1767990318.8673506,
  "scripts/seed_financials.ts": 1775258286.7601664,
  "scripts/urgent_db_fix.ts": 1767990097.476145,
  "functions/lib/sendUserInvitation.js": 1770324012.2427022,
  "functions/lib/usuryRateBot.js": 1770324012.2407017,
  "functions/lib/index.js": 1770324012.2503889,
  "functions/lib/mailer.js": 1770324012.2377431,
  "functions/src/mailer.ts": 1767757342.0512817,
  "functions/src/usuryRateBot.ts": 1768097717.7285845,
  "functions/src/sendUserInvitation.ts": 1770323941.6871705,
  "functions/src/index.ts": 1770323943.6891034,
  "src/middleware.ts": 1776730460.6162848,
  "src/types/financial.ts": 1775258286.7622364,
  "src/types/index.ts": 1775529382.8879411,
  "src/context/LeadModalContext.tsx": 1766556705.0134175,
  "src/context/AuthContext.tsx": 1775362139.8506334,
  "src/app/actions.ts": 1777333374.2401848,
  "src/app/layout.tsx": 1777348550.2344363,
  "src/app/page.tsx": 1769578732.7744467,
  "src/app/presupuesto/page.tsx": 1770964383.0692415,
  "src/app/financiacion/page.tsx": 1769485313.4704359,
  "src/app/admin/layout.tsx": 1766889736.5394385,
  "src/app/admin/page.tsx": 1766984055.875893,
  "src/app/admin/presupuesto/page.tsx": 1775258286.7607462,
  "src/app/admin/simulador/error.tsx": 1774461386.8528974,
  "src/app/admin/simulador/page.tsx": 1776493336.240491,
  "src/app/admin/config/page.tsx": 1774502758.4424996,
  "src/app/admin/general/page.tsx": 1769311452.103827,
  "src/app/admin/prospectos/page.tsx": 1777356116.1576514,
  "src/app/admin/leads/page.tsx": 1777333374.2403672,
  "src/app/admin/financial-parameters/page.tsx": 1767570890.263421,
  "src/app/admin/inventory/page.tsx": 1766986107.514627,
  "src/app/admin/sedes/page.tsx": 1769310479.2161798,
  "src/app/admin/users/page.tsx": 1770323968.407628,
  "src/app/admin/actions/scraping-action.ts": 1767499479.4905114,
  "src/app/admin/login/LoginForm.tsx": 1769383719.2330725,
  "src/app/admin/login/actions.ts": 1767468582.2940176,
  "src/app/admin/login/page.tsx": 1767810401.360092,
  "src/app/politica-de-privacidad/page.tsx": 1769311446.1083899,
  "src/app/buscador/page.tsx": 1775258286.761011,
  "src/app/blog/page.tsx": 1769489230.1592033,
  "src/app/blog/motos-credito-brilla-gas/page.tsx": 1769489232.0814152,
  "src/app/catalogo/page.tsx": 1770964389.0660558,
  "src/app/sedes/page.tsx": 1770964863.5196276,
  "src/app/actions/inventory-normalization.ts": 1775267755.392101,
  "src/app/actions/auth.ts": 1775359890.10567,
  "src/app/sitemap.xml/route.ts": 1770960956.0984745,
  "src/app/maintenance/page.tsx": 1766966741.1860151,
  "src/app/[slug]/page.tsx": 1770964889.7851229,
  "src/app/[slug]/[model]/page.tsx": 1768283465.7428808,
  "src/app/login/page.tsx": 1766637899.675871,
  "src/components/Navbar.tsx": 1769490076.5742962,
  "src/components/JsonLd.tsx": 1766984073.3307822,
  "src/components/MotoCard.tsx": 1769400578.9353015,
  "src/components/ImageUploader.tsx": 1769384878.745625,
  "src/components/ProtectedRoute.tsx": 1766888126.4162755,
  "src/components/TopBar.tsx": 1769319511.2979124,
  "src/components/EditProductModal.tsx": 1769379246.0037599,
  "src/components/LeadForm.tsx": 1776493336.2407992,
  "src/components/AdminSidebar.tsx": 1774487877.9896665,
  "src/components/Breadcrumbs.tsx": 1766984070.9628038,
  "src/components/SmartQuotaSlider.tsx": 1776493336.2410557,
  "src/components/SmartFooter.tsx": 1769311448.0758543,
  "src/components/FlipCard.tsx": 1774487888.2823222,
  "src/components/InventoryTable.tsx": 1774487898.5754354,
  "src/components/NavigationWrapper.tsx": 1769363600.1791136,
  "src/components/StickyBar.tsx": 1767385033.2384508,
  "src/components/calculator/QuoteGenerator.tsx": 1775529382.8876579,
  "src/components/admin/BulkImportModal.tsx": 1777333374.2409222,
  "src/components/admin/CampaignControl.tsx": 1777333374.2410755,
  "src/components/admin/FinancialParametersManager.tsx": 1775258673.538725,
  "src/components/admin/ProspectModal.tsx": 1777346043.7152746,
  "src/components/admin/ConfigModal.tsx": 1768098958.8966184,
  "src/components/admin/ScrapingControl.tsx": 1769911504.9096293,
  "src/components/admin/ConfigTable.tsx": 1767678010.7281659,
  "src/components/admin/ModalWrapper.tsx": 1767546986.1542072,
  "src/scripts/migrate-images.ts": 1768276191.8935843,
  "src/lib/firestore.ts": 1771310711.4038131,
  "src/lib/db-check.ts": 1767372157.3482766,
  "src/lib/firebase.ts": 1770964899.3173766,
  "src/lib/actions.ts": 1766789838.5297492,
  "src/lib/constants.ts": 1775258286.7618046,
  "src/lib/firebase-admin.ts": 1775359902.6919565,
  "src/lib/auth/admin-auth.ts": 1766876820.4373462,
  "src/lib/pdf/generator.ts": 1768283499.2500944,
  "src/lib/utils/reverseCalculator.ts": 1768192692.4359703,
  "src/lib/utils/calculator.ts": 1776493336.2416604,
  "src/lib/utils/routing.ts": 1767678013.1880307,
  "src/lib/utils/bot-intelligence.ts": 1767575201.3066826,
  "src/lib/hooks/useInventory.ts": 1769391277.778431,
  "src/lib/actions/quotation.ts": 1768283155.517848,
  "README.md": 1766070272.3743205,
  "public/file.svg": 1766070272.374927,
  "public/vercel.svg": 1766070272.374967,
  "public/next.svg": 1766070272.3750184,
  "public/globe.svg": 1766070272.3750384,
  "public/window.svg": 1766070272.3749795
}